,overall_text,sentiment_results,polarity,subjectivity,sentiment
0,"TBH, the people at AutoDesk should be more than able to provide advantages, ROI, etc, if they have shown *""everything""* they have and you are still unable to see any important advantage, it could be two things:\n\n- There's none\n- The people selling it to you don't have a clue about it, nor how you could benefit from it, they're just trying to upsell you.","{'polarity': 0.225, 'subjectivity': 0.65625, 'sentiment': 'Neutral'}",0.225,0.65625,Neutral
1,I believe all it does is give you access to utilize the Cloud-based model sharing within BIM360/ACC,"{'polarity': 0.0, 'subjectivity': 0.0, 'sentiment': 'Neutral'}",0.0,0.0,Neutral
2,These are two very likely possibilities... Thanks,"{'polarity': 0.1, 'subjectivity': 0.6, 'sentiment': 'Neutral'}",0.1,0.6,Neutral
3,"That's what I thought. Considering we are planning to coordinate and share models between disciplines using ifc and we usually don't have more than one engineer working on a single model, I don't find the cloud based model sharing very useful.","{'polarity': 0.14214285714285715, 'subjectivity': 0.24107142857142858, 'sentiment': 'Neutral'}",0.14214285714285715,0.24107142857142858,Neutral
4,"I don't know where you're located so it's hard to say if the potential is there where you live vs relocating. \n\nIs the pay low period, or low relative to other job offers? Is the job in the design field or the construction field? What opportunities are there for advancement?  What are your job duties/responsibilities?  \n\nThere really isn't enough information in your post to give you any reasonable advice. The only advice I can give us never take someone else's word on your life choices, do your own research and ask your own questions.","{'polarity': 0.09382284382284382, 'subjectivity': 0.5474358974358974, 'sentiment': 'Neutral'}",0.09382284382284382,0.5474358974358974,Neutral
5,"I am a Plumber-Turned-BIM Detailer. The position has many different titles. My official title is Mechanical Designer/Detailer and I work in Design/Build - So I design/detail piping systems and our field guys install them. I will go ahead and answer your questions in order, to help you out the best I can.\n\n1. What are some of your primary responsibilities?\n\nEveryday is different, but my workload normally consists of answering many emails, drawing pipe/fittings/equipment into the BIM Model, creating 2-D prints for many purposes, 3-D scanning and rendering 3-d scans for later reference, also, I answer any questions posed from the field supervisor on the prints/plans for construction.\n\n2. What does an average day-to-day routine look like?\n\nI have a pretty autonomous schedule and work from home mainly. I will head into the office or on-site as needed though. I work full-time, but my hours are fairly flexible. I usually wake up sometime between 6-8am and work til 4-6pm (I do work many 10-12hr days, although it is not required at all. I just really enjoy my job.). I do however get onsite very early at times, so my wake up/start times vary depending on project needs.\n\n3. What do you like? What don't you like?\n\na) Every company is different. So, I will answer this solely from a ""job-role"" perspective. I really enjoy technology, so I really like working with the BIM process. There is never a dry moment for me. There is always something new to learn and there is no way to learn every facet of this niche in the industry, so I never get bored. This is the main thing I enjoy about the job, everything else I like has to do with the company. Finding a good employer is a big part of job satisfaction as well. so, if you can sit in front of a computer all day (like I can) and get interested in the tech, then you will be fine in this role.\n\nb) In the past, there has always been a disconnect between the engineers and the installers. That is where we fit in. So our biggest hurdle is communication. It is hard to get what we need out of the engineers/architects at times, and it can be difficult to find the information you need to do your job. In the end, if there is a problem with the communication of the job, the Designers and Detailers get blamed, even though it may not be our fault. Not complaining, but it is part of the job, considering our whole job is passing information from one party to another.\n\n4. Best advice for someone trying to move towards this career?\n\nSo, moving from the field to this (for me) was a weird experience. I myself started in a BIM role right around the time I received my plumbing license, so I was still in my apprenticeship technically (right around where you are). Having been in a similar position to yours, My advice would be as follows:\n\n1. Understand that if you get a BIM job and you decide to stay in BIM, then your career as an electrician is pretty much over. I have received plenty of shit for having a Plumbing License, yet never working in the field as a Journeyman. In the end, people respect my knowledge of the field, but I am no longer a Plumber. I am a Detailer with a respectable amount of plumbing knowledge. I say this, because it was a hard pill to swallow for me, considering I original plan was to be a Plumber my whole career.\n2. I will tell you something that a wise Master Plumber told me when I was offered my current position. ""It is very difficult to move to the office from the field, but very easy to come back."" There is a large shortage of skilled tradesman, so you can always come back to the field if you don't like sitting in front of a computer all day. Despite what I said in my first point, if you don't like the office life, then you still will have a license to fall back on.\n3. I got my job doing 3 things, so this is what I recommend you do to get a BIM role from the field. Work your ass off in the field and be a great apprentice/journeyman. Learn some AutoCAD/Revit/Navisworks and BIM practices in your spare time (and find a love for learning - it matters). Get a LinkedIn and start networking - tell people your goals and what you are doing to achieve them.\n\n&#x200B;\n\nI hope this helped, I know it was pretty lengthy, but I read someone was in the exact scenario I was in a few years ago, so I had to say something. Thing worked out for me and I am very happy with my job/life, but everybody is different. This job suits me, but it may not suit you. So, if you have an interest in BIM, then try to achieve your goal and see what you think of it.\n\n&#x200B;\n\nWish you the best!","{'polarity': 0.2190832500832501, 'subjectivity': 0.5188904428904427, 'sentiment': 'Neutral'}",0.2190832500832501,0.5188904428904427,Neutral
6,"Most of the people in BIM at the company I'm at are/were journeymen. If you're looking for an office job, it's not too shabby. You'll be staring at a computer screen for many, many hours.","{'polarity': 0.5, 'subjectivity': 0.5, 'sentiment': 'Positive'}",0.5,0.5,Positive
7,"I do modeling and detailing for structural firm and my engineer boss signs and seals drawings. None of the calculations, shop drawings, specifications, or site visits/inspections. \n\nDay to day, depends on stage of projects. Usually I open our model on cloud that's linked to others. I check around for things that change and need updating. Provide that info to my Senior engineer to get solution. We do line drawings for our details, as we have huge library of AutoCAD -> Revit details. \n\nI have Bach in architecture, previous experience with civil engineering, some hands on experience building. After series of life ""fuck yous"", I found my self working as draftsman for structural firm. I make as much as I would a licensed architect. I love my work, always had interest in 3D buildings, started as kid making custom video game maps in for quake. Every day / project is a new problem that needs fixing. \n\nOnly thing I don't like is remote work makes it difficult to communicate a very visual kind of medium.\n\nExperience and knowledge of softwares best thing to advance career. Don't be afraid to job hop for better pay.","{'polarity': 0.04527629233511586, 'subjectivity': 0.4953654188948307, 'sentiment': 'Neutral'}",0.04527629233511586,0.4953654188948307,Neutral
8,"What country are you from?\n\nIn the UK a knowledge of the ISO 19650 is crucial to most high level BIM jobs. there are a stack of jobs in the BIM industry now from someone who models the elements, someone who audits and clash checks models, to managers who create the documentation needed in a project to ensure that it is complaint with client requirements and whatever standards apply.\n\nIt's definitely an area that will increase in the coming years as i think more and more large scale projects (and even small ones too) will be done via BIM.\n\nThe main thing with BIM is the I which is information and that's the key to everything.","{'polarity': 0.13554112554112555, 'subjectivity': 0.5365367965367965, 'sentiment': 'Neutral'}",0.13554112554112555,0.5365367965367965,Neutral
9,"Don't let yourself be intimidated by all these titles, there are mainly 2 different types of roles + one overlapping both of them to some degree. \n\nMainly you have authoring/designing/modeling whatever you want to call it, and coordination/management depending on the type of company and the project you work on. And BIM Specialist who is a guru in a specific tool and focuses on that mostly, but in a design or coordination role.\n\nSo at the core, I see only authoring and coordination/management.\n\nI forgot to say I worked for close to 10 years in AEC in Norway, mostly on the design part, and I switched in the summer to coordination/management.\n\nI'd focus to become a Specialist with some tools to get into the ""industry"" and I would build up from there. \n\nIf you wish we can have a zoom call and I can cram in more details about this.","{'polarity': 0.25, 'subjectivity': 0.5375, 'sentiment': 'Neutral'}",0.25,0.5375,Neutral
10,"I am in the electrical field.  I am an Electrical Systems Specialist/Project Manager.  I have worked for an electrical sub contractor, a MEP engineering firm and a BIM consultant firm (this is my current role).  I highly recommend getting into the field especially if you have your journeymanâ€™s.  My â€œclaim to fameâ€ is my ability to create and maintain relationships with not just the BIM guys but also the field guys.  \n\nAs a consultant, I manage about 4-6 projects all over the US at any given time.  I have a team of modelers overseaâ€™s that I lead during the projects.  My days generally consist of modeling, exporting points and sheets, 2D work, coordination, meetings, building and updating models, etc..  The best part of my job is the inconsistency.  One day will be light and the next is non stop.  \n\nI love my job and I work from home about 95% of the time which I love.  If you take a look through my profile you can see my setup that I spend most my days at.  Not much I donâ€™t like about my job.  The only thing that can test me is clients.  Being able to play nice but tell them there is no way in hell I will have a building modeled in an hour is a tight rope to walk.  \n\nI didnâ€™t have a degree when I got into this.  I just got really lucky getting hired by the guy who hired me.  He has taken me under his wing and taught me everything I know.  I went to community college and took classes on the programs (and a ton of math classes but that was more for just me ðŸ˜‚).  I was working towards an associates degree but never finished because I havenâ€™t had the time in the 3 years I have been in this field.  \n\nGood luck to you.  You should give it a go because I think you will really enjoy it.  Also, once you get some experience, drop me a message.  I can get you into an amazing company with a ton of cool people to work with.","{'polarity': 0.2597619047619048, 'subjectivity': 0.5651839826839828, 'sentiment': 'Neutral'}",0.2597619047619048,0.5651839826839828,Neutral
11,"BIM detailer, from the field. Was a journeyman wireman for 10 years, also a total station operator.  The BIM department at our shop consists of BIM detailers and CAD drafters.  The detailers are former field foremen and general foremen.  We draw all systems we would install in the field in a 3D model in Revit, attend coordination meetings with other trades, coordinate directly with field foremen for the jobs we are modeling, and QC shop drawings the CAD guys have produced from our model.  We currently have more work than we have the capacity to handle, so we team up on ""hot"" jobs, and have to bounce back and forth between jobs pretty often.\n\nMy favorite part is putting my headphones on and modeling conduit runs all day, but it's rare that happens.  Usually ill get called over to help a 911 or sit in for a 2 hour teams coordination meeting my boss can't make because he's on another one, or get a call from a foremen who needs help with a drawing I made.  Tons of interruptions, lots of deadlines, high stress, always focused on something, zero ""down"" time.\n\nBut there's free coffee.  Still prefer it to the field, cleaner and less noise.","{'polarity': 0.09192810457516339, 'subjectivity': 0.5512091503267974, 'sentiment': 'Neutral'}",0.09192810457516339,0.5512091503267974,Neutral
12,"We are a commercial mechanical contractor.  Have about 175 employees and have 4 in our BIM dept. \n\nFormer field employees make the best BIM techs/coordinators, whatever you want to call them.  BUT they have to be computer savvy, be efficient and someone you can easily learn Revit. \n\nIâ€™ve been using Revit for about 8 years now.  Iâ€™m not from the field but self-taught plumbing/HVAC design within Revit.  \n\nIt takes a special person to do this work.  Have to think out of the box and solve problems. I highly recommend giving it a shot.  Be a self-teacher and read the code books.  Youâ€™re responsible for your own learning/development within BIM.","{'polarity': 0.39292517006802724, 'subjectivity': 0.542108843537415, 'sentiment': 'Positive'}",0.39292517006802724,0.542108843537415,Positive
13,"Thank you so very much, excellent read.  Each new post is getting me very excited about this career change.","{'polarity': 0.5412878787878788, 'subjectivity': 0.8098484848484849, 'sentiment': 'Positive'}",0.5412878787878788,0.8098484848484849,Positive
14,Very sound advice!,"{'polarity': 0.65, 'subjectivity': 0.52, 'sentiment': 'Positive'}",0.65,0.52,Positive
15,I can do computer screen. I'm a pc gamer for life! Thanks for the input.,"{'polarity': 0.2, 'subjectivity': 0.2, 'sentiment': 'Neutral'}",0.2,0.2,Neutral
16,"Excellent, thanks for the reply!","{'polarity': 0.625, 'subjectivity': 0.6, 'sentiment': 'Positive'}",0.625,0.6,Positive
17,How usual is it for u structural guys to adjust when MEP trades need more space? \n\nJust curious coz im under the MEP trade and its like trying to solve a rubix cube but with more steps,"{'polarity': 0.1625, 'subjectivity': 0.5625, 'sentiment': 'Neutral'}",0.1625,0.5625,Neutral
18,"Thanks much, I'm located in the US.","{'polarity': 0.2, 'subjectivity': 0.2, 'sentiment': 'Neutral'}",0.2,0.2,Neutral
19,"As long as it's not on a grid or has brace, odds are we can move steel stuff. Otherwise, there's usually a max limit to offset spacing for steel and we can change it for whatever needs to penetrate up/down and miss steel. Depth of steel for horizontal conflict is driven by span, kinda locks in depths of steel. We can maybe squeeze a couple more inches shorter if no other solution.  \n\nConc, conc pan system determines placement and its bit of pain to wiggle everything to conc pan forms. Tiltwalls, go crazy it's all rebar and embeds for us. \n\nWood, I imagine is kinda like steel. I've only done one 5 story metal base/wood project apartment complex and I didn't have any issues with mep.","{'polarity': -0.09107142857142857, 'subjectivity': 0.5464285714285714, 'sentiment': 'Negative'}",-0.09107142857142857,0.5464285714285714,Negative
20,What company would send you abroad?,"{'polarity': 0.0, 'subjectivity': 0.0, 'sentiment': 'Neutral'}",0.0,0.0,Neutral
21,[deleted],"{'polarity': 0.0, 'subjectivity': 0.0, 'sentiment': 'Neutral'}",0.0,0.0,Neutral
22,"Thatâ€™s awesome, I would love to have the opportunity to be sent abroad.\nAnyways, there are 3 types of knowledge. The ones that have the software/apps knowledge, the ones that have the trade knowledge and then the experienced ones that meet in the middle of the previous two. If you are interested just go with it and see where it takes you.","{'polarity': 0.3972222222222222, 'subjectivity': 0.5277777777777778, 'sentiment': 'Positive'}",0.3972222222222222,0.5277777777777778,Positive
23,"Ask the BIM departments of the companies you want to work for which programs they use most predominantly and then find the quickest way in which to learn those applications that comes with certification. I want to say itâ€™s probably Revit and Navisworks but it might be other apps based on your exact market sector, scale & geographic location.\n\nAlso , I suggest trying to leverage the experiences you already have as an engineer and super, which are HIGHLY valuable when combined with a BIM career trajectory. However, if you are to do that , the â€˜flavorâ€™ of BIM in the heavy civil market Iâ€™m guessing demands a slightly different set of skills. \n\nYour training should take between 3 months to a year based on your aptitude to 3D modeling / BIM analytics.","{'polarity': 0.13119047619047616, 'subjectivity': 0.49023809523809525, 'sentiment': 'Neutral'}",0.13119047619047616,0.49023809523809525,Neutral
24,"If youâ€™re in the realm of civil earthwork, definitely look into Agtek, which is Trimble. Trimble also has a software called Tekla which Iâ€™ve personally used for concrete modeling. Autodesk applications for steel and concrete would be Navisworks and Revit. Personally I use Navisworks and Revit for my everyday BIM/VDC subcontractor coordination and like Autodesk better than Trimble but itâ€™s not everybodyâ€™s cup of tea in my department. A lot of companies DO use BIM360 or Autodesk Build which is a file sharing service that Autodesk offers, which houses Autodesk Software files â€œeasierâ€ than other file types, but that really depends on the company you work for and what file structure they want/have. There are lots of free youtube tutorials for these softwares, and there are also lots of LinkedIn Learning videos too. The way I learned though was through my companyâ€” they had created their own videos for interns to watch and train through so if you do happen to land a job as a designer or intern make sure to ask around for if they have that. Hopefully this is helpful, and good luck!","{'polarity': 0.22500000000000003, 'subjectivity': 0.4759920634920635, 'sentiment': 'Neutral'}",0.22500000000000003,0.4759920634920635,Neutral
25,"Oh also, SketchUp is a fun tool too. If you want to learn how to use that, the best way in my opinion is to practice modeling something youâ€™re familiar withâ€” like youâ€™re house.","{'polarity': 0.5583333333333333, 'subjectivity': 0.3333333333333333, 'sentiment': 'Positive'}",0.5583333333333333,0.3333333333333333,Positive
26,If you have a dwg of the architects floor plan you can export a decimated rcs to align in autocad. Then apply the transformation you find there in recap by updating the origin.  You could do this in navisworks as well.,"{'polarity': 0.0, 'subjectivity': 0.0, 'sentiment': 'Neutral'}",0.0,0.0,Neutral
27,At least in the part of the world Iâ€™m in the Civil Engineering discipline isnâ€™t really what Iâ€™d call a BIM-related discipline.,"{'polarity': -0.04999999999999999, 'subjectivity': 0.30000000000000004, 'sentiment': 'Negative'}",-0.04999999999999999,0.30000000000000004,Negative
28,What part of the world are you in?,"{'polarity': 0.0, 'subjectivity': 0.0, 'sentiment': 'Neutral'}",0.0,0.0,Neutral
29,"The US. \n\nOver here Civil engineers use Civil 3D, which is basically an iteration of AutoCAD, which is not a BIM program. \n\nAnd, more specifically, the Civil discipline itself just isnâ€™t a BIM (*Building* Information Modeling) intensive discipline.","{'polarity': 0.5, 'subjectivity': 0.5, 'sentiment': 'Positive'}",0.5,0.5,Positive
30,"Ah, I see.\n\nI work in a multi-disciplinary firm. I'm an Architect and use ARCHICAD, while Civil engineers use 12D and AutoCad. Archicad is a complete BIM software platform, while 12d and Autocad are barely doing anything close to what I can confidently say is BIM. The only BIM component they have in 12D is that they can produce 3d models and export and import IFC files.","{'polarity': 0.09, 'subjectivity': 0.5466666666666666, 'sentiment': 'Neutral'}",0.09,0.5466666666666666,Neutral
31,"I think itâ€™s a business decision at the GC/TC/Client level. I know manufacturers track this at varying degrees but there isnâ€™t necessarily a standard that they are all applying to that data. It would certainly be interesting to be able to run side by side comparisons to help aid in choice selections but it is only one of many factors, though that data could be a limiting factor in specification when the client demands it. I have seen one electrical equipment manufacturer track on the order of 400-500 different data points in relation to embedded carbon and things like conflict material usage.","{'polarity': 0.25, 'subjectivity': 0.5375, 'sentiment': 'Neutral'}",0.25,0.5375,Neutral
32,"I would definitely be interested in that information. We are looking into using tools like EC3, Tally, TallyCAT, and Cove.Tool to investigate our embodied carbon but would prefer to have more open source data to reference regarding EPD's.","{'polarity': 0.25, 'subjectivity': 0.5, 'sentiment': 'Neutral'}",0.25,0.5,Neutral
33,"Hi Steven, \n\nHave a you had a look at [app.2050-materials.com](https://app.2050-materials.com) ?","{'polarity': 0.0, 'subjectivity': 0.0, 'sentiment': 'Neutral'}",0.0,0.0,Neutral
34,"As a general update to this thread, I sort of found the answer I was looking for [in this research paper](https://www.researchgate.net/publication/343849821_Georeferencing_in_the_context_of_building_information_modelling) which breaks down three approaches to georeferencing. Describes the issue *much* better than I did.\n\n> We introduce three possibilities for spatial interpretation of the geometries and their locations within a BIM model. Option A sees the model as a true-to-scale representation of the asset, option B interprets the model distorted in the same manner as the underlying CRS, and option C is a combination of the former. We explore each option with a case study and visual clues. We show that, while Option A is the most prevalent interpretation in the literature, experts from the infrastructure field prefer Option C, whose underlying rationale is explained in detail.","{'polarity': 0.12777777777777777, 'subjectivity': 0.27341269841269844, 'sentiment': 'Neutral'}",0.12777777777777777,0.27341269841269844,Neutral
35,"All of us in civil engineering work within world coordinates, Iâ€™m a road designer in Australia so I work to MGA56 and all surveyors do their work in same georeference. I design of the survey that is sent to me which is always in real coordinates as itâ€™s how we set out roads and tell the contractors where everything is.\n\nWhat youâ€™re talking about in general is a big problem in my field as structural engineers and architects work at 0,0 basically and have to do a process to get it into the correct coordinates when we are getting BIM models coordinated.\n\nNow I donâ€™t really use revit as I donâ€™t do buildings obviously, but revit works differently and is done at project base point 0,0. Revit users have to set the shared coordinates by changing this base point to the coordinates set in the project spec, thereâ€™s also a bearing specified that is used to set the correct alignment of the model.\n\nOnce this is done and they export to IFC it will match up with my road design. I can find the tutorial on how itâ€™s done if you want too.\n\nIn your post you talk about how they are using a local grid system, which is fucking stupid in my opinion as everything should be in the world and be in the place where it will be built in real life. But anyway, that would mean every disciple has to transform their date to the project base point.\n\nAs I said before I know how to do this and I know a bunch of shit about this, as a road / utility designer Iâ€™m basically doing a bunch of BIM shit as part of my design role so if you have any questions or need to know how to do shit just let me know and Iâ€™ll send you stuff.","{'polarity': -0.20367647058823532, 'subjectivity': 0.5713235294117648, 'sentiment': 'Negative'}",-0.20367647058823532,0.5713235294117648,Negative
36,"Ok.. this is a major headache but doable.\nNow lets start with coordinate systems.\n\nThere are different systems regarding coordinates. \nCivil uses mostly UTM32, which is the one used in GPS s for your car etc. BUT! That system is a bit wonky, since it actually squishes the earth a bit like a oval. Thats fine when working with civil where +- 1 cm, is ok. But when working with Engineering models, thats a problem. \n\nThe solution is to get the surveyor to make the coordination file, in a common country specific system. \n\nThey offer greater precision.\n\nNow you have a file with a coordinate system everybody can work in.\nIts very important the all revit models is moved to this point. Look you ""Project Base Point"" to do that.","{'polarity': 0.1020138888888889, 'subjectivity': 0.5104166666666666, 'sentiment': 'Neutral'}",0.1020138888888889,0.5104166666666666,Neutral
37,"Hi,\n\nHere are two videos I did a while back with Dion Moult on this topic. Maybe you can learn at thing or two from them: \n\n1. [https://www.youtube.com/watch?v=rjHiOJKjAYs](https://www.youtube.com/watch?v=rjHiOJKjAYs)\n\n2. [https://www.youtube.com/watch?v=t36cZalPoqw](https://www.youtube.com/watch?v=t36cZalPoqw)  \n\n\nCheers","{'polarity': 0.0, 'subjectivity': 0.0, 'sentiment': 'Neutral'}",0.0,0.0,Neutral
38,"I usually deal with projects crossing multiple UTM zones which is where these project coordinate systems come about. If you're staying in Microstation it's no big deal, you take the survey and design directly from it. If you're in Revit, just take the survey and set up shared coordinates. But if you're in both...\n\n> The solution is to get the surveyor to make the coordination file\n\nAnd then they start asking all kinds of questions ðŸ˜„ For a site with existing buildings, I can supply the structural grids/plans (which only considered local units/coordinates) and specify which intersection will be used as base point. Then ask for a survey point which will use in Revit.\n\nDo I have to worry about scaling or is the whole point that civil and buildings are in the same coordinates / same scale and the location + rotation via shared coordinates takes care of everything?\n\nDoes it matter if the original grids are mostly set out in survey feet (aside from just converting the units) while related building grids are simply ""feet"" when they're overlaid? (This is where I imagine calling out a base point helps the surveyor match things until field survey can be performed.)","{'polarity': -0.045000000000000005, 'subjectivity': 0.42714285714285716, 'sentiment': 'Negative'}",-0.045000000000000005,0.42714285714285716,Negative
39,"Haven't caught up on BlenderBIM so this is interesting, but (unless I missed it) doesn't really touch on dealing with *interaction between* horizontal and vertical BIM. Thanks for the links regardless!","{'polarity': 0.31666666666666665, 'subjectivity': 0.3, 'sentiment': 'Positive'}",0.31666666666666665,0.3,Positive
40,"I have created MEP templates like this. I've found it keeps models cleaner and more organized if I give the modellers the toolset I want them to work with, instead of expecting them to create everything from scratch, because results vary according to the modeller's expertise, and we've had to rework A LOT of elements this way.\n\nRevit already has default materials and diameters for Pipes, but usually you have to create the actual Types using that default information. In a template you can use a naming standard, specific parameters, CBS codes, etc. It works wonders, I highly recommend it to optimize your workflows.\n\nBut your template shouldn't just include Pipes, make sure to include Fittings, accessories, equipment, etc, that you need for a Piping model.","{'polarity': 0.13, 'subjectivity': 0.34341269841269845, 'sentiment': 'Neutral'}",0.13,0.34341269841269845,Neutral
41,Look at the Fabrication add-in,"{'polarity': 0.0, 'subjectivity': 0.0, 'sentiment': 'Neutral'}",0.0,0.0,Neutral
42,Or services,"{'polarity': 0.0, 'subjectivity': 0.0, 'sentiment': 'Neutral'}",0.0,0.0,Neutral
43,Thank you!,"{'polarity': 0.0, 'subjectivity': 0.0, 'sentiment': 'Neutral'}",0.0,0.0,Neutral
44,"They reached out to me and I had to interviews. They both went great from what I could tell. Then they completely ghosted me. Wonâ€™t return any emails. A simple, thanks but no thanks would be nice.","{'polarity': 0.26666666666666666, 'subjectivity': 0.4845238095238095, 'sentiment': 'Neutral'}",0.26666666666666666,0.4845238095238095,Neutral
45,"If they give you a salary and start date, Iâ€™d say youâ€™ve been hired. Otherwise, well, Musk is clearly on top of his game right now.","{'polarity': 0.12857142857142856, 'subjectivity': 0.4785714285714286, 'sentiment': 'Neutral'}",0.12857142857142856,0.4785714285714286,Neutral
46,[removed],"{'polarity': 0.0, 'subjectivity': 0.0, 'sentiment': 'Neutral'}",0.0,0.0,Neutral
47,My friend is head of mech at gigafactory Berlin and he has BIM guys but rather just got my BIM consultancy on their sub contractors list and I occasionally get asked to bid ok work but haven't tried,"{'polarity': 0.25, 'subjectivity': 0.3125, 'sentiment': 'Neutral'}",0.25,0.3125,Neutral
48,All the auto manufacturers do as far as Iâ€™m aware.they own lots of space that they reconfigure quite often.,"{'polarity': 0.35, 'subjectivity': 1.0, 'sentiment': 'Positive'}",0.35,1.0,Positive
49,"Their facilities. It's non stop evolving, especially their MEP. My database manager built all of Telsa's BIM Fabrication Revit content for their inhouse BIM team.","{'polarity': 0.0, 'subjectivity': 1.0, 'sentiment': 'Neutral'}",0.0,1.0,Neutral
50,"What do you mean by high quality? \nBest software is synchro or fuzor. But you can do also in navisworks, which will be the simplest to use.","{'polarity': -0.07625, 'subjectivity': 0.61375, 'sentiment': 'Negative'}",-0.07625,0.61375,Negative
51,If you are talking about good quality visuals then use Bentley lumenrt with synchro or fuzor,"{'polarity': 0.7, 'subjectivity': 0.6000000000000001, 'sentiment': 'Positive'}",0.7,0.6000000000000001,Positive
52,"Between Synchro and Fuzor, I think Fuzor is better. For high quality, it is not just about the rendering quality, but also high level of details. Fuzor has a very good equipment animation library to add the construction equipment animation to demonstrate the detailed method statement and site logistics. As for Synchro, it lacks the equipment animation capabilities. It is just super difficult to make any equipment to move and hard to animate.   \n\n\nHere is an example of the Fuzor library: https://www.youtube.com/watch?v=pnPmdzir7sM&list=PLcfi2twSmE9J0wZN-wDMxlMlvENdwSnFM&index=4","{'polarity': 0.20895833333333333, 'subjectivity': 0.6647916666666668, 'sentiment': 'Neutral'}",0.20895833333333333,0.6647916666666668,Neutral
53,If you do not have access to an expensive too you can use Blender with the BlenderBIM Add-on. It's still under development but if you are nerdy you would be surprised at what you can get done with it.,"{'polarity': -0.2, 'subjectivity': 0.8, 'sentiment': 'Negative'}",-0.2,0.8,Negative
54,"Hi! If you purchased a license, those keys can be exchanged for customized training, please DM me so I can further assist you.\n\nHave you checked out learn.bentley.com?","{'polarity': 0.0, 'subjectivity': 0.5, 'sentiment': 'Neutral'}",0.0,0.5,Neutral
55,"Turn back now! Don't go into the light! In seriousness, the online videos are *much* better than they were a year ago (it was even sparser then...) but you should definitely try to attend the Bentley ""Coffee Corner"" webinars they have sometimes. Good place to ask questions that otherwise are hard to get straight answers for.","{'polarity': 0.22976190476190475, 'subjectivity': 0.46309523809523806, 'sentiment': 'Neutral'}",0.22976190476190475,0.46309523809523806,Neutral
56,"In a housing context (Uk) an Asset management system has an asset register that records all the assets (properties etc) their attributes and the key information necessary to manage them. \n\nNot sure if that helps, but thought Iâ€™d mention it.","{'polarity': 0.16666666666666666, 'subjectivity': 0.9629629629629629, 'sentiment': 'Neutral'}",0.16666666666666666,0.9629629629629629,Neutral
57,COBie sheet stuffs?\n\nhttps://en.m.wikipedia.org/wiki/COBie,"{'polarity': 0.0, 'subjectivity': 0.0, 'sentiment': 'Neutral'}",0.0,0.0,Neutral
58,"COBie will be mentioned a lot which is delivered as an excel spreadsheet. What you should look at it what FM software you use, what file types it can import and then see if you can convert an xls file into that. If not then it will take a bit of extra work to get the info into your FM system","{'polarity': 0.0, 'subjectivity': 0.1, 'sentiment': 'Neutral'}",0.0,0.1,Neutral
59,"I second this guy, COBie is pretty much the standard for asset management. Iâ€™ve been using it on new airports lately.","{'polarity': 0.047727272727272736, 'subjectivity': 0.37575757575757573, 'sentiment': 'Neutral'}",0.047727272727272736,0.37575757575757573,Neutral
60,"I think it depends a lot on your background and what you want to do. IFC.js is a javascript package that provides a convenient api for interacting with IFC files. IFC files are a specific standardized and open BIM format, *but* the majority of actual BIM design work is done using software like Archicad or Revit that use their own proprietary file formats. If I was trying to build software for viewing a model on a client's computer or something this could be great, but if I was trying to build software to automatically check for modelling errors in real time, then that course would be less useful since the main thing you would need to know is how to interact with the Revit / Archicad APIs.\n\nIn terms of whether or not the career will be in demand in general though, I know of quite a few major architecture and construction firms that write in house software and I suspect that will only grow over time as the ease of writing software continues to decrease and the demand for quality software tailored to your company's specific workflows increases. \n\nOf course, that being said, writing good BIM software requires a lot of the same general software architecture and coding skillsets that it takes to write any other form of software, so I know that a lot of us who started in BIM software eventually just got poached into the general software development / tech industry since they're usually willing to pay higher salaries than the aec industry, and you may be able to get better training and mentorship for software development there. In general though, software development skills are highly transferable across industries so I wouldn't worry about those skills not being in demand, unless you specifically want to stay in the AEC industry, in which case there's fewer guarantees since it will depend on whether the (relatively) small number of players want to write in house software or not.","{'polarity': 0.15182692307692308, 'subjectivity': 0.43519230769230766, 'sentiment': 'Neutral'}",0.15182692307692308,0.43519230769230766,Neutral
61,"Weâ€™d love to get a programmer on our staff. We have goals for packaging some dynamo scripts in a Revit add-in (python?) and some ideas for a Forge app.\n\nEdit: problem is, most programmers are too expensive since weâ€™re competing with other industries.","{'polarity': 0.09375, 'subjectivity': 0.54375, 'sentiment': 'Neutral'}",0.09375,0.54375,Neutral
62,"Hi, I suppose it depends on the kind of company these kind of jobs will be demanded or not.\nBig companies with dozens of modelers and big projects in BIM will invest in developers for making their tasks faster and succes in hard projects.\nAlso for giving services to third parties or new paths of business creating this apps.\nI think is a good field for being freelance for several companies.","{'polarity': 0.21808712121212118, 'subjectivity': 0.4370265151515152, 'sentiment': 'Neutral'}",0.21808712121212118,0.4370265151515152,Neutral
63,"Here is a sample of a current posting that I know of. Take a look at the requirements, (and the salary). See if it gives you some guidance. https://mii.wd5.myworkdayjobs.com/en-US/MiTek/job/Enterprise-Architect---Remote\_R02412","{'polarity': 0.0, 'subjectivity': 0.4, 'sentiment': 'Neutral'}",0.0,0.4,Neutral
64,"Looks  very interesting, do you happen to know any courses or information to get into this? \nI am currently writing in bim/ project coordination and untested to get into doing more logic based work.","{'polarity': 0.3833333333333333, 'subjectivity': 0.5166666666666667, 'sentiment': 'Positive'}",0.3833333333333333,0.5166666666666667,Positive
65,"Online courses in development from someplace like Udemy can go a long way in starting you out, especially if you already work in BIM. \n\nMany BIM apps have dotnet APIs so courses in C# are good to know, but also JavaScript or Blazor. \n\nWith so many people working in the Autodesk space, learning what the Forge tools are all about is a good start too. \n\nHaving a foundation in BIM, then learning development puts you into a small, small group of people with those skills.","{'polarity': 0.16874999999999998, 'subjectivity': 0.5, 'sentiment': 'Neutral'}",0.16874999999999998,0.5,Neutral
66,"It has a ton of potential but I have only used it on a project where the CM limited us on what we could do. It seriously cut back the functionality of it on our end because of permission settings. Seeing what they could do with it given full permissions, it was pretty great.","{'polarity': 0.1244047619047619, 'subjectivity': 0.6386904761904761, 'sentiment': 'Neutral'}",0.1244047619047619,0.6386904761904761,Neutral
67,"We've started using it on a project because the lead architect for the JV chose to use it.  I'm not seeing a lot of advantages over B360 workflows when it comes to Issues, Clashing, and Tracking model development.  \n\nWe're already paying for B360, so I think we're going to stick there for these workflows.  Particularly after the expansion of feature ACC/B360 just got to bring it near parity with what the Revizto group showed us.  (Point cloud support, sheet overlay on models)\n\nBoth platforms suck for Redline markups, though. Bluebeam for actual on-sheet markups then tagging those markups in either platform with an Issue isn't the best workflow, but it's what we've got.","{'polarity': 0.31666666666666665, 'subjectivity': 0.2833333333333333, 'sentiment': 'Positive'}",0.31666666666666665,0.2833333333333333,Positive
68,"The folks I know who use it love it over procore. It seems to be a sort of Coke or Pepsi with BIM Track, with each of them having some features the other misses, if those are important for you, it'll matter.","{'polarity': 0.25833333333333336, 'subjectivity': 0.6583333333333333, 'sentiment': 'Neutral'}",0.25833333333333336,0.6583333333333333,Neutral
69,Thanks,"{'polarity': 0.2, 'subjectivity': 0.2, 'sentiment': 'Neutral'}",0.2,0.2,Neutral
70,"Yeah same here, we already have access to BIM360/ACC so was thinking if the benefits arent drastic we might stick with that. I raised the bluebeam question in another post as well","{'polarity': 0.0, 'subjectivity': 0.125, 'sentiment': 'Neutral'}",0.0,0.125,Neutral
71,What about setting clash view in the model and do it in BIM 360 model coordination space?,"{'polarity': 0.0, 'subjectivity': 0.0, 'sentiment': 'Neutral'}",0.0,0.0,Neutral
72,"We started testing B360/ ACC model coordination on aa recent project. Much faster/ easier to setup and navigate than NAvisworks, has an addin that feeds-back to the model like Revizto, and not an additional software cost.","{'polarity': 0.1, 'subjectivity': 0.225, 'sentiment': 'Neutral'}",0.1,0.225,Neutral
73,I recently left Autodesk to start a new role at Revizto. Revizto released automated clash detection and its part of the reason I left to go work for them. Itâ€™s saving customers a ton of time over traditional workflows in Navis. If youâ€™re interested in learning more feel free to reach out.,"{'polarity': 0.18376623376623377, 'subjectivity': 0.4292207792207793, 'sentiment': 'Neutral'}",0.18376623376623377,0.4292207792207793,Neutral
74,"How often are you running clashes? How often are your trades uploading new models? Are they modeling with regard for other trades? \n\nIn active coordination phases I usually spend 50-75% of my week doing clash detection, and then 15-30% during non-active coordination. It takes time to do it right.","{'polarity': -0.01725108225108225, 'subjectivity': 0.44305194805194803, 'sentiment': 'Neutral'}",-0.01725108225108225,0.44305194805194803,Neutral
75,About 30 mins for all trades on hospital projects. I draw at same time. All in navis. The set up is 1 or 2 days. Make a clash report and do revit dynamo to make a clash point file and go model.,"{'polarity': 0.0, 'subjectivity': 0.125, 'sentiment': 'Neutral'}",0.0,0.125,Neutral
76,I'd like to know your setup and approach. Are you clashing MEP vs MEP or each individual trade vs trade? Are you grouping? Are you having trades work one on one to get some areas cleaned up so you can be more efficient?,"{'polarity': 0.25, 'subjectivity': 0.45, 'sentiment': 'Neutral'}",0.25,0.45,Neutral
77,"Get the flypaper addin , it reduces time spent. It will\nSort and group and rename in seconds .. and itâ€™s cheap!","{'polarity': 0.2, 'subjectivity': 0.39999999999999997, 'sentiment': 'Neutral'}",0.2,0.39999999999999997,Neutral
78,Second  for Revizto I'm currently rolling this out in our company,"{'polarity': 0.0, 'subjectivity': 0.2, 'sentiment': 'Neutral'}",0.0,0.2,Neutral
79,Wow Iâ€™ll have to check this out. I assume there are no issues with users being in the US?,"{'polarity': 0.1, 'subjectivity': 1.0, 'sentiment': 'Neutral'}",0.1,1.0,Neutral
80,"So, since you work for Revizto, do you mind if I ask you a logistics question? \n\nWe work with a CM that requires us to use the software. It's a great tool, I love it. We won't buy it though because the CM claims only one person on the project is able to reload files into the Revizto model. We have to send them our files, wait til they get around to updating them, and then take a look at new clashes. When they are busy on something else it takes forever and I have to end up using Navis works along side Revizto to actually get updated files to work with. \n\nDo you know if that is how it actually works or is this just a process they are using to hamstring things and keep control?","{'polarity': 0.2545454545454546, 'subjectivity': 0.49119318181818183, 'sentiment': 'Neutral'}",0.2545454545454546,0.49119318181818183,Neutral
81,"Yeah we use Revizto for clashing, itâ€™s the standard for me now every other product is fucking trash.","{'polarity': -0.24166666666666667, 'subjectivity': 0.39166666666666666, 'sentiment': 'Negative'}",-0.24166666666666667,0.39166666666666666,Negative
82,"Wow, are you also responsible for drawing your own trade as well? To do proper clash detection it seems to leave insufficient time to draw/coordinate the individual trade, in my case mechanical. I run clash once a week","{'polarity': 0.18, 'subjectivity': 0.61, 'sentiment': 'Neutral'}",0.18,0.61,Neutral
83,That is incredibly fast. If you donâ€™t mind I have a few questions to make sure Iâ€™m understanding. \nAre you utilizing navis clash detective or something within revit? \nDo you assign the individual clashes to its respective trade?\nWhat does the clash report look like for trades who receive it from you?,"{'polarity': 0.1, 'subjectivity': 0.4177777777777778, 'sentiment': 'Neutral'}",0.1,0.4177777777777778,Neutral
84,"Each trade vs each trade, group, assign each clash group to a trade, all in Navis. Yeah always encouraging trade to collab and run their own internal clash prior to submitting","{'polarity': 0.19999999999999998, 'subjectivity': 0.3333333333333333, 'sentiment': 'Neutral'}",0.19999999999999998,0.3333333333333333,Neutral
85,>flypaper \n\nA GC I worked with used it and well after about two weeks I had to take over because the heat maps that program was giving was not help the team. May be the user but but after seeing him use it I wrote it off. This was like 5 years ago so maybe it has changed.,"{'polarity': 0.0, 'subjectivity': 0.0, 'sentiment': 'Neutral'}",0.0,0.0,Neutral
86,No issues being in the US. We are rapidly growing out US based team Iâ€™m in Southern California overseeing our team in the western US.\n\nhttps://www.linkedin.com/in/wayne-atkins-6a75a098,"{'polarity': 0.0, 'subjectivity': 0.0, 'sentiment': 'Neutral'}",0.0,0.0,Neutral
87,Definitely being ham-stringed this is a simple adjustment of permissions.,"{'polarity': 0.0, 'subjectivity': 0.4285714285714286, 'sentiment': 'Neutral'}",0.0,0.4285714285714286,Neutral
88,"No I work for the GC/designer. The projects I work on, I can't fathom doing clash detection and my own trade modeling. \n\nI've never been a supporter of the ""Mechanical sub handles clash detection"" for just this reason. \n\nAs for speeding up the process, are you using the inclusive filter for viewing clashes? That's a huge time saver. But realistically it's gonna take time if you have a lot of clashes, ya know?","{'polarity': 0.5, 'subjectivity': 0.95, 'sentiment': 'Positive'}",0.5,0.95,Positive
89,I use navis in built derived. I set up sets and use them to clash with each other. I can then export these to new projects and mess with rule to make them work again. I don't send reports out. I send out a nwc nwd with 3d clash points. This file is in revit dwg and nwc form. So each team in overlay whats hitting their system. When I work internal members this is update almost everything 2hr and it's almost a live navis model. Once it set up and working right I can get the file out in 15 mins. I am working on a new way that will automate and color code the clashes per trade to fix. This also gives  me a way to track progress day to day or any time frame.,"{'polarity': 0.056400742115027824, 'subjectivity': 0.35640074211502787, 'sentiment': 'Neutral'}",0.056400742115027824,0.35640074211502787,Neutral
90,"I have been using Navis since it was first acquired by Autodesk in 2007 and I can assure you I've found what the better approaches are when clashing, and clashing MEP vs MEP as a whole (duct, piping, fire protection, electrical, lighting, plumbing and technology) is absolutely the way to go. What you'll want to do is go to the Rules tab first and check the ""ignore"" checkboxes for Same Layer, Same Group and Same file, then go to the Select tab and click all NWC's in both columns to clash everything versus everything. \n\nNow here's the pro tip of the day if you don't already know. You'll come up with potentially thousands of clashes but that's okay. Just Shift+Select everything and group it into a single group. I name this group ""All Clashes - 10/26/2022"" so I know it's everything clashed and what date I did it on. Now that everything's in a group under the Results tab, make sure ""Highlight Everything"" checkbox is unchecked, then on the Display Settings sidebar, turn off Transparent dimming and click the Hide Other button. Now that you've grouped them, you can see all clashes at once, but only in that group. Toggling between Hide and Dim Other allows you to see the whole job much easier. \n\nNow you can go to specific areas and select items as a group and assign them to trades much easier. Another quick tip: hold Spacebar+Left Click the mouse to toggle the pick tool to the select tool. Also use Crtl+Shift+Spacebar then pick drag select, which grabs everything within the selection window. Once you've done this, use the Filter by Selection dropdown and select ""inclusive"" which isolates this selection. Expand the clash group, select all of the items and right click, Group. This creates its own group so when you go back to the ""All Clashes"" group it's no longer there, which narrows it down much easier. \n\nOnce all this is done, create your Viewpoints and send it out. You can take 8 hours down to 1 hour, plus you're being far more diligent because you can see the project from an all-trades perspective. \n\nHope this helps!","{'polarity': 0.15038359788359792, 'subjectivity': 0.4334722222222222, 'sentiment': 'Neutral'}",0.15038359788359792,0.4334722222222222,Neutral
91,I friggin knew it!!!! It seemed like such a simple function for it to not work. I knew those guys sucked.,"{'polarity': 0.0, 'subjectivity': 0.4285714285714286, 'sentiment': 'Neutral'}",0.0,0.4285714285714286,Neutral
92,"Yeah we group them which narrows the clashes down a lot. I agree should definitely be the GCs job. But in my experience they do not always understand the time needed to run a proper coordination model, often times producing a lackluster excuse for clash detection.","{'polarity': -0.0513888888888889, 'subjectivity': 0.23472222222222225, 'sentiment': 'Negative'}",-0.0513888888888889,0.23472222222222225,Negative
93,"I believe the BIM process is important on jobs that it can truly justify the cost for, and I think that certifications are overrated with today's young generation talent where computers and tech are second nature. BIM has a lot of hype that's for sure. But it's a great process that helps projects tenfold when it can be applied effectively.\nIt's not people being bigoted, just giving you their true honest assessment of the industry.","{'polarity': 0.39285714285714285, 'subjectivity': 0.6555555555555556, 'sentiment': 'Positive'}",0.39285714285714285,0.6555555555555556,Positive
94,From my personal experience and career. Bim did not exist. We organically grew into Bim as technology improved through the years.\n\nI first started in steel manufacturing which the clients that we had did not have interest in modeling and Bim. They did not see the value or wanted to pay for that type of service. I transitioned to oil and gas which were very heavy on the modeling side and Bim started to be popular as well.\n\nMy point is you can get into using Bim by different avenues. There is not just one road in. I am not sure if things are different in countries around the world?\n\nGood luck.,"{'polarity': 0.048571428571428564, 'subjectivity': 0.6103174603174603, 'sentiment': 'Neutral'}",0.048571428571428564,0.6103174603174603,Neutral
95,"BIM in the post 2018. era is mostly nonsense, since most of the â€œBIM expertsâ€ havenâ€™t heard of BIM before 2018.","{'polarity': 0.5, 'subjectivity': 0.5, 'sentiment': 'Positive'}",0.5,0.5,Positive
96,"Yeah, I think I've seen a few posts here recently about contractors wanting to study BIM. The underlying question has to be ""What do you hope to achieve by that?""\n\nIf the answer is ""I work for a construction manager and we need to step up our coordination game"" -- okay, there may be some project-by-project relevancy -- if your firm has the kind of clients and contracts where BIM is already employed to some degree.\n\nIf the answer is ""I want to get out of contracting and into design consulting"" -- makes perfect sense. Though if that person has *zero* interest of ever getting into consulting, they could just be spinning their wheels.\n\nIf the answer is ""I want a promotion and to prove to my boss that they should invest $250k in new computers, software, learning curve time, and completely upend how we prepare shop drawings"" --- forget it. Never gonna happen.\n\nA decade ago someone who could drive BIM/Revit was worth gold no matter what. There was such high demand. I think that and the industry propaganda gave a false sense that if you were ever stagnating in your career you could just teach yourself Revit and \~\~*Boom\~\~* now you're making an extra $20k/year. That's just not the case anymore.\n\nI say this as someone who works in Revit daily as a design consultant -- the value of BIM is all about context. If someone wants to be a design consultant, definitely worthwhile. If they want to work in contracting, the value is questionable at best. If they want to work for a construction manager working on a commercial projects, probably worthwhile but depends on the scale of the projects.\n\nFor students, I would certainly direct them to learn architecture or engineering properly and learn BIM through interning. Most colleges can't teach BIM in any way that the industry actually uses. Great, someone can make a door schedule. If they're an electrical engineering intern that's a skill they can immediately blow out of the back of their mind. Now here's 30 things you *actually* need to know about dealing with linked models, worksets, and view properties so you don't corrupt our model and incur a week's worth of rework for the team.","{'polarity': 0.1418181818181818, 'subjectivity': 0.3804692082111436, 'sentiment': 'Neutral'}",0.1418181818181818,0.3804692082111436,Neutral
97,"This is a great post and completely agree. I'd bet we're about the same age and sounds like you've been using Revit for as long as I have (since 2006 for me). \n\nWe're a very high-level Revit MEP BIM firm and we use FabParts in Revit, full prefab, spooling, the whole nine. It's not easy and there's a LOT of moving parts, and all of our young kids (we call them ""kids"" but they're in their mid-20s) are rock stars at the *software* and the *process*, but boy let me tell you they still have years and years to go when it comes to understanding truly ""what"" they are designing lol. But they are doing awesome and they totally get the BIM process. \n\nWe had a really good opportunity to teach them something from the old school recently. Our office building was built in 1975 and we're helping the owner with a chiller changeout. We recreated the building in Revit architecturally and structurally and we're as-builting the MEP's but these original CD's were the actual blueprints from the 70s. We brought all of our younger crew into a conference room and let them look at what hand drafting set of plans looked like and we had them specifically focus on the MEP's and we asked them ""Now, how do you think they architectural background got on this sheet?"" They all looked at us with blank stares. ""The MEP drafter had to ***redraw it from scratch*** on every page. This is why MEP designers were very good back then because they were intimately connected to the building as a whole, because they had to redraw it to even begin their MEP layouts."" The lightbulb went off. We just grab a Revit model and link it in to our model and use Navis to speed up the processes of coordination, but we don't *get into the project with a deep dive* like previous generations were forced to. \n\nI say all this to come around to your point: Students should still learn architecture and engineering properly. Don't mistaken efficiencies for shortcuts. They need to *see the building, as a whole*. BIM is a great process that I believe in, but it's not just clicking a button that lays out a wall or duct or roof and call it a day. It gives you a peace of mind, and lets you peer into the future and see the construction process before it's ever built, allowing you to make critical decisions in advance that help schedule and save costs. This is the way, not so someone can start a little freelance business modeling things he doesn't really know, or serving some manager that doesn't really understand the investment or value of the process in its entirety.","{'polarity': 0.18040476190476196, 'subjectivity': 0.4151428571428571, 'sentiment': 'Neutral'}",0.18040476190476196,0.4151428571428571,Neutral
98,"Little younger than you, I started BIM in 2012 or so working for an audio/video design/build/consulting firm, primarily working on theater projects with a fair amount of K12 and corporate projects.\n\nI had the benefit of being an intern there at a time when only one guy knew how to drive Revit. So because I was cheap at an hourly rate, nobody cared that I would throw lots of time into developing their BIM standards, templates, and content. We were one of the only firms doing Revit on projects we bid on through our contracting wing, but we really only did it because we had an established consulting division and it made sense for our workflow to push everything toward BIM rather than have two divergent paths for project documentation. I would have no expectation subs on our project would work in BIM -- it's a lot of time investment that doesn't benefit the project and there's no good way to simply hand our BIM model off to them for their own use since they're going to have to redraw everything anyway to put it into a format their installers and the electricians would find useful.\n\nNow I work for a 450-ish person engineering firm. *Everybody* uses BIM -- but first and foremost they're mechanical/electrical/plumbing/structural/technology/etc designers. We'll happily teach anyone BIM if they have a strong enough foundation in one of those disciplines or if their a student in one of those fields. What we can't do is invest time in people who know BIM but have no experience whatsoever in any of our disciplines. The culture and org chart of our firm doesn't have room for generalists who are dedicated drafting positions that flip flop between trades as needed.\n\nOne generalist candidate I interviewed who had just a community college level of BIM experience with no engineering background and couldn't even see the forest for the trees. He tried to interviewing for a BIM Manager role and his primary experience from school was non-workshared models, doing architecture. No idea how to do workshared models, use shared parameters, host content on linked backgrounds, or anything relevant to our needs. Asked him about his experience in family creation and -- I swear to god -- his answer was about his siblings and relatives and mom and dad. Wildly unfamiliar with the territory he was in. Tech schools, by and large, just don't cater to how BIM actually gets used in practice. If he at least had a background in our trade we could've helped him out, but he had none whatsoever so then we would've had to teach him how to practically use Revit AND teach him our discipline. That's just a waste of time investment into someone who could up and leave at any moment if he decides he's not that interested in our discipline after all.\n\nI agree about the younger staff not knowing how projects used to be executed. I grew up on AutoCAD before I got into Revit so I've been there, done that. Our staff sometimes just assumes every project big or small will be in Revit and some don't know AutoCAD at all. When we do renovations one of my first questions for the architect is ""Are you going to develop a Revit model?"" Some choose to, some don't, some wing it, others have the structural engineer do a full 3D scan for complete precision. I had one architect who winged it -- we spent months coordinating everything only to discover when they ripped out the ceilings that the roof drains were completely different than they thought and messed up all the ceiling coordination -- all of that effort and collision detection flew out the window because they completely overlooked the LOD their existing conditions model was prepared for.\n\nBTW, I've been generally saying people should have a background in engineering before getting into BIM. I should caveat that and say they should just generally have experience in a chosen trade. Someone who didn't go to engineering school but has a lot of experience as a contractor in the field can be incredibly useful. They actually have an understanding of how contractors are going to build a project -- whereas the people with strictly a BIM background are liable to draw things in ways that would never pass a constructability review.","{'polarity': 0.09666950113378685, 'subjectivity': 0.47704081632653067, 'sentiment': 'Neutral'}",0.09666950113378685,0.47704081632653067,Neutral
99,">One generalist candidate I interviewed who had just a community college level of BIM experience with no engineering background and couldn't even see the forest for the trees. He tried to interviewing for a BIM Manager role and his primary experience from school was non-workshared models, doing architecture. No idea how to do workshared models, use shared parameters, host content on linked backgrounds, or anything relevant to our needs. Asked him about his experience in family creation and -- I swear to god -- his answer was about his siblings and relatives and mom and dad. \n\nOh my... this is a worst case scenario and it's hard to imagine this actually happened. This guy had absolutely no clue on BIM management... probably not to his own fault, but his assumptions were definitely off. \n\nI did have one guy I interviewed tell me he was a 7/10 experience level in Revit after one small project. I told him I've been using Revit for 15 years and I wasn't a 7 until about ten years in to be honest. Sometimes you don't know what you don't know. \n\nGood reply, thanks for sharing and again I agree with you all the way in your post.","{'polarity': 0.04652777777777778, 'subjectivity': 0.5784722222222223, 'sentiment': 'Neutral'}",0.04652777777777778,0.5784722222222223,Neutral
100,A point cloud fully 3d modelled in Revit by a qualified surveyor and BIM specialist.,"{'polarity': 0.0, 'subjectivity': 0.0, 'sentiment': 'Neutral'}",0.0,0.0,Neutral
101,"Do not conflate ""point cloud"" with ""Valuable Data.""\nWhat are the BIM requirements? \n\nYou see, a point cloud in a Revit file is great for checking accuracy, or a background for existing conditions and nothing else.\n\nIf you're doing design drawings or touching those buildings as part of the process, then You NEED the surveying company to produce an existing conditions Revit model for you.  Failing that you're going to be paying your design team to model those existing conditions and it'll take them a LOT longer, even with the point cloud. \n\nI've had a few PMs assume ""point cloud = documentation design can use"" on renovation projects this year and it's cost us a lot of time, aggravation, and money.","{'polarity': 0.3666666666666667, 'subjectivity': 0.45, 'sentiment': 'Positive'}",0.3666666666666667,0.45,Positive
102,Point cloud,"{'polarity': 0.0, 'subjectivity': 0.0, 'sentiment': 'Neutral'}",0.0,0.0,Neutral
103,Leica RTC360 works nice.,"{'polarity': 0.6, 'subjectivity': 1.0, 'sentiment': 'Positive'}",0.6,1.0,Positive
104,A laser scanned point cloud and then remodeled with Revit families to match as close as possible. Photo spheres of the existing conditions as well.,"{'polarity': 0.0, 'subjectivity': 1.0, 'sentiment': 'Neutral'}",0.0,1.0,Neutral
105,"It depends on what exactly you want to achieve and on your budget. You can hire someone to do a laser scan for you, or if it's good enough you could try to use a Lidar-capable app to scan the buildings and generate the documentation you need.  \n\n\nBut before thinking about the budget I need to get what I need I would start trying to understand the scope of the project. What is it you mean by BIM requisites? Is it BIM requirements? If so, how well-detailed are they? I would start there and build on that.   \n\n\nThe more details you can provide, the better answer you could get I guess. \n\nGood luck!","{'polarity': 0.29375, 'subjectivity': 0.50625, 'sentiment': 'Neutral'}",0.29375,0.50625,Neutral
106,You need a lidar scanner and a surveyor who knows how to use it. Or just hire a vendor who specializes in that to avoid all the headache with software and machine procurement.,"{'polarity': 0.0, 'subjectivity': 0.0, 'sentiment': 'Neutral'}",0.0,0.0,Neutral
107,"Faro Focus 3D is my favorite and the .rcs files are compatible with all Autodesk software, but you will need someone who knows how to operate the scanner and register the scans using Autodesk ReCap (or other softwares) to produce an actual point cloud to use. There are also companies that will take this scan and create a Revit Model from the point cloud, which can be used during BIM coordination.  \n\nIf you are not familiar with the process I would highly suggest hiring a 3rd party for this process, because decent scanners can cost up to $75,000 to buy.","{'polarity': 0.07345238095238095, 'subjectivity': 0.4545238095238095, 'sentiment': 'Neutral'}",0.07345238095238095,0.4545238095238095,Neutral
108,"Thank you for your comments, much obliged","{'polarity': 0.2, 'subjectivity': 0.2, 'sentiment': 'Neutral'}",0.2,0.2,Neutral
109,"I canâ€™t stress the important of survey data and proper attribution of assets, always ends up fucking me somehow.","{'polarity': -0.06666666666666665, 'subjectivity': 0.6333333333333334, 'sentiment': 'Negative'}",-0.06666666666666665,0.6333333333333334,Negative
110,Done. When do I get my cookie? a?,"{'polarity': 0.0, 'subjectivity': 0.0, 'sentiment': 'Neutral'}",0.0,0.0,Neutral
111,Thank you very much!! ðŸª,"{'polarity': 0.40625, 'subjectivity': 0.26, 'sentiment': 'Positive'}",0.40625,0.26,Positive
112,What is your job title?,"{'polarity': 0.0, 'subjectivity': 0.0, 'sentiment': 'Neutral'}",0.0,0.0,Neutral
113,Isn't that a bit micromanagement?,"{'polarity': 0.0, 'subjectivity': 0.0, 'sentiment': 'Neutral'}",0.0,0.0,Neutral
114,"You can standardise your modelling measurements when you've standardised your projects. Which will be rare, if never. Every project is different. Every site is different. Every client is different. Every contract is different. Every procurement method is different. Every damn BEP is different.\n\nAlso, I trust you are aware enough of BIM to understand the MacLeamy curve. Assuming you do, I also assume you pushed your programme forward to allow more time during the modelling stage and less time during the construction documentation stage. Or are you measuring your modellers based on a traditional CAD programme. I hope not.\n\nI also must query what level of experience your modeller has? 6 months? 3 years? 10+ years?  \nExperience impacts modelling. Experience enables the modeller to model to suit the project and contract type. Experience will inform how and where more time must be spent modelling, in order to save time in the long run.\n\nModellers are not stand-alone either. They rely heavily on information provided by the designer. If the designer shirks their design obligations under the belief that less important parts can be resolved later, then the modeller must assume the position of the designer and design for them Is everyone doing their job or is the modeller doing everyones job?","{'polarity': 0.07037037037037036, 'subjectivity': 0.4740740740740741, 'sentiment': 'Neutral'}",0.07037037037037036,0.4740740740740741,Neutral
115,Give me a project with due dates for various milestones and Iâ€™ll review it and let you know if itâ€™s a doable schedule.,"{'polarity': -0.0625, 'subjectivity': 0.4375, 'sentiment': 'Negative'}",-0.0625,0.4375,Negative
116,"You quality is a great one.   Hours per cad objects. Total BIM $ vs total engineering $, you could do the same with hours. Look at AACE 114R historical project tracking.","{'polarity': 0.16, 'subjectivity': 0.475, 'sentiment': 'Neutral'}",0.16,0.475,Neutral
117,You should tie a rock to your legs and jump off the pier you fucking leach,"{'polarity': -0.6, 'subjectivity': 0.8, 'sentiment': 'Negative'}",-0.6,0.8,Negative
118,"1) There's nothing hard here because it's all subjective. Were they creating a simple table with 4 legs, an RTU with clearances, flexible duct opening attachments, and all the piping and electrical connections, or modeling existing conditions from 30 year old blueline drawings?\n\nThis one's going to require you, as a manager, to check-in and get a feel for people's capabilities. \n\nThat said some things DO have an average, which you should have a feel for if you're managing.  That table I'd check on the modeler after a few hours,  the RTU after a day, the bluelines will be a week or better process we'll be discussing things frequently. \n\n2) You have to dive in, or have a standards checker configured already.  Things like Ideate Explorer help find those modeled elements on incorrect floors, but it's always a manual QA/ QC process for me. I simply don't have the tools right now.","{'polarity': 0.038227513227513214, 'subjectivity': 0.3657407407407407, 'sentiment': 'Neutral'}",0.038227513227513214,0.3657407407407407,Neutral
119,Do not do it,"{'polarity': 0.0, 'subjectivity': 0.0, 'sentiment': 'Neutral'}",0.0,0.0,Neutral
120,"Do you live in a democratic country? You should approach this more proactively, by establishing goals and milestones with your people. Then you see how that goes compared to the plans and adjust. But this should be teamwork not only monitoring from your side. That would destroy every bit of credibility you have.","{'polarity': 0.10909090909090909, 'subjectivity': 0.5, 'sentiment': 'Neutral'}",0.10909090909090909,0.5,Neutral
121,"No. Micromanagement would be getting in there and telling the modeler the exact steps required to accomplish the task. \n\nKnowing if a modeler is taking too long to finish, or doing garbage work like building families with no reference planes, or creating windows on one floor then changing their elevation is basic management.","{'polarity': 0.06666666666666667, 'subjectivity': 0.25833333333333336, 'sentiment': 'Neutral'}",0.06666666666666667,0.25833333333333336,Neutral
122,"Rather than monitoring them, isn't more easy to direct educate them. I mean those are just standard that need to be learned and continue working.","{'polarity': 0.1441666666666667, 'subjectivity': 0.4841666666666667, 'sentiment': 'Neutral'}",0.1441666666666667,0.4841666666666667,Neutral
123,"How are you going to learn who needs education and mentoring without checking on them?  \n\nHow are you going to know if they're struggling if you're not managing their deliverables and the time to create?\n\nWhat do you think their manager's time is better spent doing than reviewing the quality of their work, mentoring where problems are, and discussing why it takes a struggling modeler 2x longer to achieve deliverables than what you feel is average?","{'polarity': 0.08333333333333333, 'subjectivity': 0.3333333333333333, 'sentiment': 'Neutral'}",0.08333333333333333,0.3333333333333333,Neutral
124,Nice ears,"{'polarity': 0.6, 'subjectivity': 1.0, 'sentiment': 'Positive'}",0.6,1.0,Positive
125,"From peer review, BIM Manager also will feedback. I mean every company has their own standards as well, what kinds of parameter need to be there and so on.  There is why the onBoarding programme is there no matter experience or inexperience BiM Modeller. I mean if no  guidelines or handbooks are there to refer, how do you even start measuring if they are doing all correct.","{'polarity': -0.00833333333333334, 'subjectivity': 0.7916666666666666, 'sentiment': 'Neutral'}",-0.00833333333333334,0.7916666666666666,Neutral
126,Um.. and how do you think the BIM Manager is providing that feedback?\n\nBecause that's the POV I've had this whole discussion. That's the only place asking this question makes sense. The BIM Manager wondering how to evaluate staff.,"{'polarity': 0.1, 'subjectivity': 0.7, 'sentiment': 'Neutral'}",0.1,0.7,Neutral
127,"I did a couple of DCâ€™s. Whatâ€™s up?\n\nThe coordination is the same as any building. \nCreate priorities and reduce clashes based on risk/reward. \n\nThere tends to be plenty of ceiling space, and sometimes spaces in the raised access floor. So coordinating services wasnâ€™t a big deal. \n\nThe racks are module. Not much there.","{'polarity': -0.03333333333333333, 'subjectivity': 0.1416666666666667, 'sentiment': 'Negative'}",-0.03333333333333333,0.1416666666666667,Negative
128,"Hangers, Make sure everyone is modeling their hangers. Avoid headaches down the road.","{'polarity': 0.17222222222222222, 'subjectivity': 0.5888888888888889, 'sentiment': 'Neutral'}",0.17222222222222222,0.5888888888888889,Neutral
129,Thank you for the input and that is good news.,"{'polarity': 0.7, 'subjectivity': 0.6000000000000001, 'sentiment': 'Positive'}",0.7,0.6000000000000001,Positive
130,Simply said. You become half architect half software engineer. You will have to do both. While the software part will be the hardest.,"{'polarity': -0.1111111111111111, 'subjectivity': 0.23015873015873015, 'sentiment': 'Negative'}",-0.1111111111111111,0.23015873015873015,Negative
131,If your interested in a job in Aus working with point clouds PM me.,"{'polarity': 0.25, 'subjectivity': 0.5, 'sentiment': 'Neutral'}",0.25,0.5,Neutral
132,"Iâ€™m keen, Iâ€™m a 12 road designer / utilities modeller. Doing a fuck tonne of modeling for the new airport","{'polarity': -0.13181818181818183, 'subjectivity': 0.5272727272727272, 'sentiment': 'Negative'}",-0.13181818181818183,0.5272727272727272,Negative
